{
    "cycle_count": 100505,
    "cycles_per_second": 10969.463631293165,
    "fabric_x": 11,
    "fabric_y": 6,
    "hwtile_count": 40,
    "idle_ce_cycles": 18816,
    "idle_wavelet_cycles": 18861,
    "init_time": 0.04586601257324219,
    "iotile_count": 4,
    "nodes": 1,
    "nultile_count": 56,
    "sim_stop_cause": "Stop due to user request",
    "sim_time": 9.16225290298462,
    "simulated_tile_count": 44,
    "sunset_count": 0,
    "threads": 5,
    "tile_count": 100,
    "tile_cycles_per_second": 482656.39977689926,
    "tile_cycles_per_second_per_thread": 96531.27995537985,
    "total_time": 9.208118915557861
}
