{
    "cycle_count": 102153,
    "cycles_per_second": 10939.016593953624,
    "fabric_x": 11,
    "fabric_y": 6,
    "hwtile_count": 40,
    "idle_ce_cycles": 19284,
    "idle_wavelet_cycles": 19322,
    "init_time": 0.050379037857055664,
    "iotile_count": 4,
    "nodes": 1,
    "nultile_count": 56,
    "sim_stop_cause": "Stop due to user request",
    "sim_time": 9.33840799331665,
    "simulated_tile_count": 44,
    "sunset_count": 0,
    "threads": 5,
    "tile_count": 100,
    "tile_cycles_per_second": 481316.73013395944,
    "tile_cycles_per_second_per_thread": 96263.34602679189,
    "total_time": 9.388787031173706
}
