{
    "cycle_count": 103617,
    "cycles_per_second": 12058.993609777646,
    "fabric_x": 11,
    "fabric_y": 6,
    "hwtile_count": 40,
    "idle_ce_cycles": 20748,
    "idle_wavelet_cycles": 20786,
    "init_time": 0.03462481498718262,
    "iotile_count": 4,
    "nodes": 1,
    "nultile_count": 56,
    "sim_stop_cause": "Stop due to user request",
    "sim_time": 8.59250807762146,
    "simulated_tile_count": 44,
    "sunset_count": 0,
    "threads": 5,
    "tile_count": 100,
    "tile_cycles_per_second": 530595.7188302164,
    "tile_cycles_per_second_per_thread": 106119.14376604329,
    "total_time": 8.627132892608643
}
