{
    "cycle_count": 95871,
    "cycles_per_second": 8338.008721323304,
    "fabric_x": 11,
    "fabric_y": 6,
    "hwtile_count": 40,
    "idle_ce_cycles": 14471,
    "idle_wavelet_cycles": 14507,
    "init_time": 0.04571390151977539,
    "iotile_count": 4,
    "nodes": 1,
    "nultile_count": 56,
    "sim_stop_cause": "Stop due to user request",
    "sim_time": 11.498069047927856,
    "simulated_tile_count": 44,
    "sunset_count": 0,
    "threads": 5,
    "tile_count": 100,
    "tile_cycles_per_second": 366872.3837382254,
    "tile_cycles_per_second_per_thread": 73374.47674764508,
    "total_time": 11.543782949447632
}
