{
    "cycle_count": 887854,
    "cycles_per_second": 165.3918929170552,
    "fabric_x": 15,
    "fabric_y": 12,
    "hwtile_count": 108,
    "idle_ce_cycles": 365,
    "idle_wavelet_cycles": 402,
    "init_time": 4.491642951965332,
    "iotile_count": 4,
    "nodes": 1,
    "nultile_count": 122,
    "sim_stop_cause": "Stop due to user request",
    "sim_time": 5368.183315038681,
    "simulated_tile_count": 112,
    "sunset_count": 0,
    "threads": 5,
    "tile_count": 234,
    "tile_cycles_per_second": 18523.892006710183,
    "tile_cycles_per_second_per_thread": 3704.7784013420364,
    "total_time": 5372.674957990646
}
