{
    "cycle_count": 97165,
    "cycles_per_second": 6377.02612156662,
    "fabric_x": 23,
    "fabric_y": 20,
    "hwtile_count": 52,
    "idle_ce_cycles": 14064,
    "idle_wavelet_cycles": 14097,
    "init_time": 0.14828181266784668,
    "iotile_count": 4,
    "nodes": 1,
    "nultile_count": 490,
    "sim_stop_cause": "Stop due to user request",
    "sim_time": 15.23672604560852,
    "simulated_tile_count": 56,
    "sunset_count": 0,
    "threads": 5,
    "tile_count": 546,
    "tile_cycles_per_second": 357113.4628077307,
    "tile_cycles_per_second_per_thread": 71422.69256154614,
    "total_time": 15.385007858276367
}
