{
    "cycle_count": 95574,
    "cycles_per_second": 8275.667914561938,
    "fabric_x": 11,
    "fabric_y": 6,
    "hwtile_count": 40,
    "idle_ce_cycles": 14414,
    "idle_wavelet_cycles": 14449,
    "init_time": 0.07437419891357422,
    "iotile_count": 4,
    "nodes": 1,
    "nultile_count": 56,
    "sim_stop_cause": "Stop due to user request",
    "sim_time": 11.548795938491821,
    "simulated_tile_count": 44,
    "sunset_count": 0,
    "threads": 5,
    "tile_count": 100,
    "tile_cycles_per_second": 364129.38824072527,
    "tile_cycles_per_second_per_thread": 72825.87764814505,
    "total_time": 11.623170137405396
}
