{
    "cycle_count": 106784,
    "cycles_per_second": 7860.118383816899,
    "fabric_x": 11,
    "fabric_y": 6,
    "hwtile_count": 40,
    "idle_ce_cycles": 15500,
    "idle_wavelet_cycles": 15543,
    "init_time": 0.05291390419006348,
    "iotile_count": 4,
    "nodes": 1,
    "nultile_count": 56,
    "sim_stop_cause": "Stop due to user request",
    "sim_time": 13.585546016693115,
    "simulated_tile_count": 44,
    "sunset_count": 0,
    "threads": 5,
    "tile_count": 100,
    "tile_cycles_per_second": 345845.20888794353,
    "tile_cycles_per_second_per_thread": 69169.0417775887,
    "total_time": 13.638459920883179
}
