{
    "cycle_count": 24588,
    "cycles_per_second": 17930.73360929363,
    "fabric_x": 11,
    "fabric_y": 5,
    "hwtile_count": 31,
    "idle_ce_cycles": 20900,
    "idle_wavelet_cycles": 20933,
    "init_time": 0.04030299186706543,
    "iotile_count": 4,
    "nodes": 1,
    "nultile_count": 52,
    "sim_stop_cause": "Stop due to user request",
    "sim_time": 1.37127685546875,
    "simulated_tile_count": 35,
    "sunset_count": 0,
    "threads": 5,
    "tile_count": 87,
    "tile_cycles_per_second": 627575.6763252771,
    "tile_cycles_per_second_per_thread": 125515.13526505542,
    "total_time": 1.4115798473358154
}
