{
    "cycle_count": 95777,
    "cycles_per_second": 7170.959120691339,
    "fabric_x": 11,
    "fabric_y": 6,
    "hwtile_count": 40,
    "idle_ce_cycles": 12059,
    "idle_wavelet_cycles": 12092,
    "init_time": 0.07695198059082031,
    "iotile_count": 4,
    "nodes": 1,
    "nultile_count": 56,
    "sim_stop_cause": "Stop due to user request",
    "sim_time": 13.35623288154602,
    "simulated_tile_count": 44,
    "sunset_count": 0,
    "threads": 5,
    "tile_count": 100,
    "tile_cycles_per_second": 315522.2013104189,
    "tile_cycles_per_second_per_thread": 63104.44026208378,
    "total_time": 13.43318486213684
}
