{
    "cycle_count": 447416,
    "cycles_per_second": 11205.674749986722,
    "fabric_x": 11,
    "fabric_y": 6,
    "hwtile_count": 40,
    "idle_ce_cycles": 18752,
    "idle_wavelet_cycles": 18785,
    "init_time": 0.05327320098876953,
    "iotile_count": 4,
    "nodes": 1,
    "nultile_count": 56,
    "sim_stop_cause": "Stop due to user request",
    "sim_time": 39.927626848220825,
    "simulated_tile_count": 44,
    "sunset_count": 0,
    "threads": 5,
    "tile_count": 100,
    "tile_cycles_per_second": 493049.6889994157,
    "tile_cycles_per_second_per_thread": 98609.93779988315,
    "total_time": 39.980900049209595
}
