{
    "cycle_count": 34961,
    "cycles_per_second": 28427.687490791446,
    "fabric_x": 8,
    "fabric_y": 3,
    "hwtile_count": 10,
    "idle_ce_cycles": 30744,
    "idle_wavelet_cycles": 30767,
    "init_time": 0.028180837631225586,
    "iotile_count": 4,
    "nodes": 1,
    "nultile_count": 32,
    "sim_stop_cause": "Stop due to user request",
    "sim_time": 1.2298221588134766,
    "simulated_tile_count": 14,
    "sunset_count": 0,
    "threads": 5,
    "tile_count": 46,
    "tile_cycles_per_second": 397987.6248710803,
    "tile_cycles_per_second_per_thread": 79597.52497421605,
    "total_time": 1.2580029964447021
}
