{
    "cycle_count": 84074,
    "cycles_per_second": 331.1997106309102,
    "fabric_x": 11,
    "fabric_y": 6,
    "hwtile_count": 40,
    "idle_ce_cycles": 729,
    "idle_wavelet_cycles": 764,
    "init_time": 1.4294838905334473,
    "iotile_count": 4,
    "nodes": 1,
    "nultile_count": 56,
    "sim_stop_cause": "Stop due to user request",
    "sim_time": 253.84684014320374,
    "simulated_tile_count": 44,
    "sunset_count": 0,
    "threads": 5,
    "tile_count": 100,
    "tile_cycles_per_second": 14572.78726776005,
    "tile_cycles_per_second_per_thread": 2914.55745355201,
    "total_time": 255.27632403373718
}
