{
    "cycle_count": 95924,
    "cycles_per_second": 8132.6632756988465,
    "fabric_x": 11,
    "fabric_y": 6,
    "hwtile_count": 40,
    "idle_ce_cycles": 13718,
    "idle_wavelet_cycles": 13763,
    "init_time": 0.06811404228210449,
    "iotile_count": 4,
    "nodes": 1,
    "nultile_count": 56,
    "sim_stop_cause": "Stop due to user request",
    "sim_time": 11.79490613937378,
    "simulated_tile_count": 44,
    "sunset_count": 0,
    "threads": 5,
    "tile_count": 100,
    "tile_cycles_per_second": 357837.18413074926,
    "tile_cycles_per_second_per_thread": 71567.43682614985,
    "total_time": 11.863020181655884
}
    