{
    "cycle_count": 109574,
    "cycles_per_second": 8100.866727921994,
    "fabric_x": 11,
    "fabric_y": 6,
    "hwtile_count": 40,
    "idle_ce_cycles": 17290,
    "idle_wavelet_cycles": 17330,
    "init_time": 0.0408480167388916,
    "iotile_count": 4,
    "nodes": 1,
    "nultile_count": 56,
    "sim_stop_cause": "Stop due to user request",
    "sim_time": 13.526206970214844,
    "simulated_tile_count": 44,
    "sunset_count": 0,
    "threads": 5,
    "tile_count": 100,
    "tile_cycles_per_second": 356438.13602856774,
    "tile_cycles_per_second_per_thread": 71287.62720571355,
    "total_time": 13.567054986953735
}
