{
    "cycle_count": 102874,
    "cycles_per_second": 11376.799006632104,
    "fabric_x": 11,
    "fabric_y": 6,
    "hwtile_count": 40,
    "idle_ce_cycles": 19529,
    "idle_wavelet_cycles": 19564,
    "init_time": 0.1950359344482422,
    "iotile_count": 4,
    "nodes": 1,
    "nultile_count": 56,
    "sim_stop_cause": "Stop due to user request",
    "sim_time": 9.04243803024292,
    "simulated_tile_count": 44,
    "sunset_count": 0,
    "threads": 5,
    "tile_count": 100,
    "tile_cycles_per_second": 500579.15629181254,
    "tile_cycles_per_second_per_thread": 100115.83125836251,
    "total_time": 9.237473964691162
}
