{
    "cycle_count": 447986,
    "cycles_per_second": 10634.3189571024,
    "fabric_x": 11,
    "fabric_y": 6,
    "hwtile_count": 40,
    "idle_ce_cycles": 19747,
    "idle_wavelet_cycles": 19792,
    "init_time": 0.05897808074951172,
    "iotile_count": 4,
    "nodes": 1,
    "nultile_count": 56,
    "sim_stop_cause": "Stop due to user request",
    "sim_time": 42.12644004821777,
    "simulated_tile_count": 44,
    "sunset_count": 0,
    "threads": 5,
    "tile_count": 100,
    "tile_cycles_per_second": 467910.03411250556,
    "tile_cycles_per_second_per_thread": 93582.0068225011,
    "total_time": 42.185418128967285
}
