{
    "cycle_count": 448223,
    "cycles_per_second": 11192.51447710558,
    "fabric_x": 11,
    "fabric_y": 6,
    "hwtile_count": 40,
    "idle_ce_cycles": 19559,
    "idle_wavelet_cycles": 19592,
    "init_time": 0.04341292381286621,
    "iotile_count": 4,
    "nodes": 1,
    "nultile_count": 56,
    "sim_stop_cause": "Stop due to user request",
    "sim_time": 40.04667592048645,
    "simulated_tile_count": 44,
    "sunset_count": 0,
    "threads": 5,
    "tile_count": 100,
    "tile_cycles_per_second": 492470.6369926455,
    "tile_cycles_per_second_per_thread": 98494.1273985291,
    "total_time": 40.090088844299316
}
