{
    "cycle_count": 103708,
    "cycles_per_second": 11899.800806783536,
    "fabric_x": 11,
    "fabric_y": 6,
    "hwtile_count": 40,
    "idle_ce_cycles": 21303,
    "idle_wavelet_cycles": 21352,
    "init_time": 0.03786492347717285,
    "iotile_count": 4,
    "nodes": 1,
    "nultile_count": 56,
    "sim_stop_cause": "Stop due to user request",
    "sim_time": 8.7151038646698,
    "simulated_tile_count": 44,
    "sunset_count": 0,
    "threads": 5,
    "tile_count": 100,
    "tile_cycles_per_second": 523591.2354984756,
    "tile_cycles_per_second_per_thread": 104718.24709969512,
    "total_time": 8.752968788146973
}
