{
    "cycle_count": 103244,
    "cycles_per_second": 11885.224980745099,
    "fabric_x": 11,
    "fabric_y": 6,
    "hwtile_count": 40,
    "idle_ce_cycles": 20839,
    "idle_wavelet_cycles": 20888,
    "init_time": 0.05046415328979492,
    "iotile_count": 4,
    "nodes": 1,
    "nultile_count": 56,
    "sim_stop_cause": "Stop due to user request",
    "sim_time": 8.68675184249878,
    "simulated_tile_count": 44,
    "sunset_count": 0,
    "threads": 5,
    "tile_count": 100,
    "tile_cycles_per_second": 522949.8991527844,
    "tile_cycles_per_second_per_thread": 104589.97983055687,
    "total_time": 8.737215995788574
}
