{
    "cycle_count": 106195,
    "cycles_per_second": 13628.499823560274,
    "fabric_x": 11,
    "fabric_y": 6,
    "hwtile_count": 40,
    "idle_ce_cycles": 23790,
    "idle_wavelet_cycles": 23839,
    "init_time": 0.03902316093444824,
    "iotile_count": 4,
    "nodes": 1,
    "nultile_count": 56,
    "sim_stop_cause": "Stop due to user request",
    "sim_time": 7.792126893997192,
    "simulated_tile_count": 44,
    "sunset_count": 0,
    "threads": 5,
    "tile_count": 100,
    "tile_cycles_per_second": 599653.9922366521,
    "tile_cycles_per_second_per_thread": 119930.79844733041,
    "total_time": 7.831150054931641
}
