{
    "cycle_count": 97783,
    "cycles_per_second": 7079.660250018919,
    "fabric_x": 11,
    "fabric_y": 6,
    "hwtile_count": 40,
    "idle_ce_cycles": 12908,
    "idle_wavelet_cycles": 12941,
    "init_time": 0.07137894630432129,
    "iotile_count": 4,
    "nodes": 1,
    "nultile_count": 56,
    "sim_stop_cause": "Stop due to user request",
    "sim_time": 13.811820983886719,
    "simulated_tile_count": 44,
    "sunset_count": 0,
    "threads": 5,
    "tile_count": 100,
    "tile_cycles_per_second": 311505.05100083246,
    "tile_cycles_per_second_per_thread": 62301.01020016649,
    "total_time": 13.88319993019104
}
